{"endpoints":[{"endpointId":"370b8e98-8c64-4f5d-8f72-ad25f811b997","aadDeviceId":null,"nodeId":"","timestamp":"2024-02-03T12:29:49.5090967Z","transports":{"transports":[{"transportType":"TROUTER","creationTime":1706963389509,"ttl":3600,"snoozeSeconds":null,"path":"https://pub-csm-euno-02-f.trouter.skype.com:3443/v4/f/VRECYfrXikeTe9eOsddsJ3FoHw/","contexts":[""],"isDeleted":false,"trackingInfo":{"reason":null,"time":"2024-02-03T12:29:49.509Z","caller":"skypetoken","method":"Set","chainId":null,"messageId":null}}]},"clientDescription":{"languageId":"en-US","templateKey":"TeamsCDLWebWorker_1.8","platform":"edge","platformUIVersion":"1415/1.0.0.2024010505","appId":"TeamsCDLWebWorker","aesKey":"","authKey":null,"cryptoMethod":null,"xuid":null,"notificationFilteringService":null,"productContext":"TFL","tenantId":null},"clientSettings":null,"activity":{"lastUpdate":0,"state":"Active","productContext":"TFL"}},{"endpointId":"675ea455-6a73-439f-8cd3-77f00bb9e948","aadDeviceId":null,"nodeId":"","timestamp":"2024-02-03T12:33:41.0200461Z","transports":{"transports":[{"transportType":"TROUTER","creationTime":1706963621020,"ttl":3600,"snoozeSeconds":null,"path":"https://pub-ent-sece-07-f.trouter.teams.microsoft.com:3443/v4/f/E5eofOkHjE-sUkxUCMFG-g/","contexts":["TFL"],"isDeleted":false,"trackingInfo":{"reason":null,"time":"2024-02-03T12:33:41.02Z","caller":"skypetoken","method":"Set","chainId":null,"messageId":null}}]},"clientDescription":{"languageId":"en-US","templateKey":"TFLSkypeSpacesWeb_1.0","platform":"edgeChromium","platformUIVersion":"1415/1.0.0.2024010505","appId":"SkypeSpacesWeb","aesKey":"","authKey":null,"cryptoMethod":null,"xuid":null,"notificationFilteringService":null,"productContext":null,"tenantId":null},"clientSettings":null,"activity":null}]}