{"userId":"8:jeremy.dupont","exportDate":"2024-02-03T12:34","conversations":[{"id":"19:meeting_ZjFkYTkwMGQtMjcxNC00MGI3LTg1NzItYzJiMzE0NzE4YTI0@thread.v2","displayName":"Meeting with Gérard Test","version":1669998773684,"properties":{"conversationblocked":false,"lastimreceivedtime":null,"consumptionhorizon":null,"conversationstatus":null},"threadProperties":{"membercount":2,"members":"[\"Unknown User\",\"Export Owner\"]","membersBlocked":null,"membersNicknames":null,"topic":"Meeting with Gérard Test","picture":null,"description":null,"guidelines":null,"shareJoinLink":null,"joiningEnabled":null,"searchVisible":null,"websiteText":null,"websiteUrl":null,"consumptionhorizons":{"version":"1706922263668267","consumptionhorizons":[]}},"MessageList":[{"id":"166999877343612","displayName":null,"originalarrivaltime":"2022-12-02T16:32:53.612Z","messagetype":"Event/Call","version":1669998773612,"content":"<ended/><partlist alt=\"\" count=\"2\"><part identity=\"8:live:gerard.test_5\"><name>8:live:gerard.test_5</name><displayName>Gerard Test</displayName><duration>12161</duration></part><part identity=\"8:gerard.test\"><name>8:gerard.test</name><displayName>Jérémy Dupont</displayName><duration>12161</duration></part></partlist>","conversationid":"19:meeting_ZjFkYTkwMGQtMjcxNC00MGI3LTg1NzItYzJiMzE0NzE4YTI0@thread.v2","from":null,"properties":{"s2spartnername":"callingconversationservice","skypeguid":"e06ad9a8-3b11-46fe-97bf-f2b2d8eea545"},"amsreferences":null},{"id":"1669986771445","displayName":null,"originalarrivaltime":"2022-12-02T13:12:51.445Z","messagetype":"ThreadActivity/MemberJoined","version":1669986771445,"content":"{\"eventtime\":1669986771445,\"initiator\":\"8:live:gerard.test_5\",\"members\":[{\"id\":\"8:jeremy.dupont\",\"friendlyname\":\"Jérémy Dupont\"}]}","conversationid":"19:meeting_ZjFkYTkwMGQtMjcxNC00MGI3LTg1NzItYzJiMzE0NzE4YTI0@thread.v2","from":null,"properties":{},"amsreferences":null}]}]}