item_type,purchase_datetime,active,price_in_virtual_currency,wager_day,payment_processor,product,code_id,expected_expiration
Streak freeze,2024-09-29 08:39:20,false,,,,In-app Purchase,,
Store Item,2024-09-26 12:54:39,false,,,Immersive Plus,Duolingo Plus Subscription (Free Trial),,2024-09-27 12:54:39
Store Item,2024-09-18 08:02:47,false,,,,In-app Purchase,,
Store Item,2024-09-16 06:27:21,false,,,,In-app Purchase,,2024-09-16 06:37:21
Store Item,2024-08-30 05:23:37,false,,,,In-app Purchase,,2024-08-30 05:33:37
Store Item,2024-07-12 09:14:14,false,,,,In-app Purchase,,2024-07-12 09:29:14
Store Item,2024-07-12 09:14:13,false,,,,In-app Purchase,,2024-07-12 09:29:13
Store Item,2024-07-10 09:22:02,false,,12,,In-app Purchase,,
Store Item,2024-06-30 09:23:16,false,,,,In-app Purchase,,2024-06-30 09:47:57
Gem wager,2024-06-30 09:20:35,false,,7,,In-app Purchase,,
Store Item,2024-06-30 09:17:57,false,,,,In-app Purchase,,2024-06-30 09:32:57
Store Item,2024-06-22 09:16:10,false,,,,In-app Purchase,,2024-06-22 09:31:10
Store Item,2024-06-20 08:05:49,false,,,,In-app Purchase,,2024-06-20 08:20:49
Store Item,2024-06-17 07:14:33,false,,,,In-app Purchase,,2024-06-17 07:29:33
Store Item,2024-06-17 07:14:33,false,,,,In-app Purchase,,2024-06-17 07:29:33
Store Item,2024-06-15 07:40:53,false,,,,In-app Purchase,,2024-06-15 07:55:53
Store Item,2024-06-09 10:55:50,false,,30,,In-app Purchase,,
Store Item,2024-06-08 06:10:52,false,,,,In-app Purchase,,2024-06-08 06:25:52
Store Item,2024-05-30 01:25:05,false,,,,In-app Purchase,,2024-05-30 01:40:05
Store Item,2024-05-27 07:57:18,false,,,,In-app Purchase,,2024-05-27 08:12:18
Store Item,2024-05-25 09:39:06,false,,,,In-app Purchase,,2024-05-25 09:54:06
Store Item,2024-05-25 09:31:00,false,,,Immersive Plus,Duolingo Plus Subscription (Free Trial),,2024-05-28 09:31:00
Store Item,2024-05-20 01:32:40,false,,,,In-app Purchase,,2024-05-20 01:47:40
Store Item,2024-05-08 10:00:43,false,,,,In-app Purchase,,2024-05-08 10:15:43
Store Item,2024-04-28 10:09:18,false,,,,In-app Purchase,,2024-04-28 10:33:44
Store Item,2024-04-28 10:03:44,false,,,,In-app Purchase,,2024-04-28 10:18:44
Store Item,2024-03-09 02:31:52,false,,,,In-app Purchase,,2024-03-09 02:46:52
Store Item,2024-03-02 01:15:52,false,,,Immersive Plus,Duolingo Plus Subscription (Free Trial),,2024-03-05 01:15:52
Store Item,2024-03-02 01:15:41,false,,,,In-app Purchase,,2024-03-02 01:30:41
Store Item,2024-01-13 07:50:53,false,,,,In-app Purchase,,2024-01-13 08:05:53
Store Item,2024-01-11 04:20:58,false,,,,In-app Purchase,,2024-01-11 04:35:58
Store Item,2024-01-07 06:01:25,false,,,,In-app Purchase,,2024-01-07 06:20:16
Store Item,2024-01-07 05:50:16,false,,,,In-app Purchase,,2024-01-07 06:05:16
Store Item,2023-11-06 06:12:01,false,,,,In-app Purchase,,
Store Item,2023-11-06 05:58:56,false,,,Immersive Plus,Duolingo Plus Subscription (Free Trial),,2023-11-09 05:58:56
Store Item,2023-11-05 02:44:33,false,,,,In-app Purchase,,2023-11-05 02:59:33
Store Item,2023-11-01 05:27:10,false,,,,In-app Purchase,,
Store Item,2023-09-24 12:06:40,false,100,,,In-app Purchase,,
